{"cameraMode":{"drawMode":0,"name":"Shaded","section":"Shading Mode"},"sceneLighting":false,"audioPlay":false,"sceneViewState":{"showFog":true,"showMaterialUpdate":false,"showSkybox":true,"showFlares":true,"showImageEffects":true,"showParticleSystems":true},"in2DMode":false,"pivot":{"x":0.9977579116821289,"y":2.1187093257904054,"z":1.4084278345108033},"rotation":{"x":0.06818930059671402,"y":-0.8802759647369385,"z":0.45026499032974245,"w":0.13330428302288056},"size":2.1452343463897707,"orthographic":false}