{"cameraMode":{"drawMode":0,"name":"Shaded","section":"Shading Mode"},"sceneLighting":true,"audioPlay":false,"sceneViewState":{"showFog":true,"showMaterialUpdate":false,"showSkybox":true,"showFlares":true,"showImageEffects":true,"showParticleSystems":true},"in2DMode":false,"pivot":{"x":478.7293701171875,"y":549.7301025390625,"z":-69.5234375},"rotation":{"x":0.0019166338024660946,"y":0.9976781010627747,"z":-0.03174646943807602,"w":0.060234036296606067},"size":1139.97119140625,"orthographic":false}