{"cameraMode":{"drawMode":0,"name":"Shaded","section":"Shading Mode"},"sceneLighting":true,"audioPlay":false,"sceneViewState":{"showFog":false,"showMaterialUpdate":false,"showSkybox":false,"showFlares":false,"showImageEffects":false,"showParticleSystems":false},"in2DMode":false,"pivot":{"x":36.62791061401367,"y":-1.4580307006835938,"z":0.2373971939086914},"rotation":{"x":-0.08829215168952942,"y":-0.5572347044944763,"z":0.05974555388092995,"w":-0.8234838843345642},"size":40.32280731201172,"orthographic":false}