{"cameraMode":{"drawMode":0,"name":"Shaded","section":"Shading Mode"},"sceneLighting":false,"audioPlay":false,"sceneViewState":{"showFog":false,"showMaterialUpdate":false,"showSkybox":false,"showFlares":false,"showImageEffects":false,"showParticleSystems":false},"in2DMode":false,"pivot":{"x":-1.9003158807754517,"y":-3.2883758544921877,"z":-15.857666015625},"rotation":{"x":-0.002716626040637493,"y":0.9785113334655762,"z":-0.20581233501434327,"w":-0.012919845059514046},"size":26.62806510925293,"orthographic":false}