{"cameraMode":{"drawMode":0,"name":"Shaded","section":"Shading Mode"},"sceneLighting":false,"audioPlay":false,"sceneViewState":{"showFog":false,"showMaterialUpdate":false,"showSkybox":false,"showFlares":false,"showImageEffects":false,"showParticleSystems":false},"in2DMode":false,"pivot":{"x":621.50830078125,"y":498.78814697265627,"z":16.698272705078126},"rotation":{"x":-0.00006409739580703899,"y":0.9998737573623657,"z":0.004189818631857634,"w":0.015300208702683449},"size":420.466552734375,"orthographic":false}