{"cameraMode":{"drawMode":0,"name":"Shaded","section":"Shading Mode"},"sceneLighting":false,"audioPlay":false,"sceneViewState":{"showFog":true,"showMaterialUpdate":false,"showSkybox":true,"showFlares":true,"showImageEffects":true,"showParticleSystems":true},"in2DMode":false,"pivot":{"x":1462.2763671875,"y":613.6058959960938,"z":-430.4271240234375},"rotation":{"x":-0.15830445289611817,"y":0.6375436186790466,"z":-0.13609406352043153,"w":-0.7415902614593506},"size":2144.526611328125,"orthographic":false}