{"cameraMode":{"drawMode":0,"name":"Shaded","section":"Shading Mode"},"sceneLighting":false,"audioPlay":false,"sceneViewState":{"showFog":true,"showMaterialUpdate":false,"showSkybox":true,"showFlares":true,"showImageEffects":true,"showParticleSystems":true},"in2DMode":false,"pivot":{"x":-5.699357986450195,"y":-6.7656049728393559,"z":-8.869461059570313},"rotation":{"x":-0.25509387254714968,"y":0.5637570023536682,"z":-0.1885828971862793,"w":-0.7625888586044312},"size":28.596593856811525,"orthographic":false}