{"cameraMode":{"drawMode":0,"name":"Shaded","section":"Shading Mode"},"sceneLighting":false,"audioPlay":false,"sceneViewState":{"showFog":true,"showMaterialUpdate":false,"showSkybox":true,"showFlares":true,"showImageEffects":true,"showParticleSystems":true},"in2DMode":false,"pivot":{"x":-48.16618347167969,"y":4.526853084564209,"z":102.05390930175781},"rotation":{"x":0.009752767160534859,"y":0.022479793056845666,"z":0.000023352868083748035,"w":0.9997012615203857},"size":128.57054138183595,"orthographic":false}