{"cameraMode":{"drawMode":0,"name":"Shaded","section":"Shading Mode"},"sceneLighting":false,"audioPlay":false,"sceneViewState":{"showFog":true,"showMaterialUpdate":false,"showSkybox":false,"showFlares":true,"showImageEffects":true,"showParticleSystems":true},"in2DMode":false,"pivot":{"x":118.1495361328125,"y":-315.00799560546877,"z":194.19549560546876},"rotation":{"x":0.0967041552066803,"y":-0.846171498298645,"z":0.1773383468389511,"w":0.4931471347808838},"size":1464.913330078125,"orthographic":false}