{"cameraMode":{"drawMode":0,"name":"Shaded","section":"Shading Mode"},"sceneLighting":true,"audioPlay":false,"sceneViewState":{"showFog":true,"showMaterialUpdate":false,"showSkybox":true,"showFlares":true,"showImageEffects":true,"showParticleSystems":true},"in2DMode":false,"pivot":{"x":169.90142822265626,"y":117.20077514648438,"z":180.3900604248047},"rotation":{"x":-0.3200814723968506,"y":-0.17568102478981019,"z":0.06053060665726662,"w":-0.9289886951446533},"size":367.0419616699219,"orthographic":false}