{"cameraMode":{"drawMode":0,"name":"Shaded","section":"Shading Mode"},"sceneLighting":true,"audioPlay":false,"sceneViewState":{"showFog":true,"showMaterialUpdate":false,"showSkybox":true,"showFlares":true,"showImageEffects":true,"showParticleSystems":true},"in2DMode":false,"pivot":{"x":-11.263057708740235,"y":-15.178796768188477,"z":-12.036946296691895},"rotation":{"x":0.2607250213623047,"y":0.5839183926582336,"z":-0.2055017352104187,"w":0.7408317923545837},"size":52.31523513793945,"orthographic":false}